model,pred_diversity,true_diversity,expressiveness_ratio,calibration
glm_baseline,0.3148,0.478,0.6586,0.0201
mean_pool_mlp,0.3759,0.478,0.7864,0.0244
all_local_mlp,0.3884,0.478,0.8126,0.0288
lstm,0.3866,0.478,0.8088,0.0374
bilstm,0.4006,0.478,0.8381,0.0349
lstm_rna_fm,0.38,0.478,0.7949,0.0237
struct_lstm_rna_fm,0.3952,0.478,0.8269,0.0346
transformer_rna_fm,0.3756,0.478,0.7859,0.0302
loc_rna_fm,0.363,0.478,0.7593,0.0271
naive_baseline,0.0,0.4779909329887788,0.0,0.022583449849106964
length_baseline,0.3203794208402822,0.4779909329887788,0.6702625483647058,0.01623621558278072
